"","p_val","avg_logFC","pct.1","pct.2","p_val_adj"
"Malat1",0,0.623057163562856,0.962,0.808,0
"mmu-mir-6236",0,0.481013795958908,1,1,0
"mt-Rnr1",0,0.31350623159664,1,1,0
"Gm26924",0,0.291855459537348,1,1,0
"mt-Rnr2",0,0.259783652539656,1,1,0
"Trip13",0,-0.267554774477332,0.006,0.145,0
"Esco2",0,-0.294711915159566,0.001,0.139,0
"Aurkb",0,-0.298664712662304,0.004,0.14,0
"Stil",0,-0.299118951286581,0.004,0.141,0
"Kif2c",0,-0.304302313707827,0.004,0.14,0
"Shcbp1",0,-0.304764607810011,0.003,0.146,0
"Gins2",0,-0.304858889580905,0.015,0.172,0
"Cdca5",0,-0.305211440100978,0.005,0.154,0
"Bard1",0,-0.306522274959567,0.009,0.157,0
"Ccnb1",0,-0.3194854923025,0.004,0.147,0
"Ect2",0,-0.320982883450851,0.008,0.151,0
"Foxm1",0,-0.322780469422523,0.006,0.154,0
"Espl1",0,-0.324500039226341,0.004,0.145,0
"Cdca2",0,-0.332243894986563,0.005,0.149,0
"Plk4",0,-0.337004456776782,0.02,0.191,0
"Melk",0,-0.338180615175576,0.01,0.171,0
"Cep55",0,-0.341280314865839,0.004,0.166,0
"Hist1h2ak",0,-0.344722376807547,0.008,0.155,0
"Ccnf",0,-0.347517982685052,0.004,0.153,0
"Actb",0,-0.350219209931203,0.999,1,0
"Spag5",0,-0.355648957497496,0.005,0.164,0
"Atad5",0,-0.361758621330378,0.025,0.198,0
"Nek2",0,-0.366576321005826,0.004,0.165,0
"Pmf1",0,-0.373263591884033,0.038,0.23,0
"Knstrn",0,-0.373505179432809,0.018,0.189,0
"E2f8",0,-0.374299314746901,0.003,0.163,0
"Rfc4",0,-0.374883585513499,0.03,0.221,0
"Bub1",0,-0.374987579540653,0.004,0.173,0
"Wdhd1",0,-0.379795979056194,0.028,0.217,0
"Brca1",0,-0.383580253835025,0.01,0.178,0
"Cdc6",0,-0.383631921820122,0.005,0.17,0
"Diap3",0,-0.38434682972053,0.017,0.19,0
"Dhfr",0,-0.388035113698431,0.017,0.199,0
"Cit",0,-0.389860002691255,0.008,0.174,0
"Kpna2",0,-0.392720272763697,0.018,0.181,0
"Slbp",0,-0.394997953570583,0.054,0.263,0
"Tfdp1",0,-0.396033766051992,0.047,0.25,0
"Mxd3",0,-0.39799995291218,0.003,0.164,0
"Hist1h1a",0,-0.401193131348203,0.01,0.161,0
"Nuf2",0,-0.40245957446465,0.004,0.188,0
"Cdk1",0,-0.404452011815239,0.012,0.19,0
"Tipin",0,-0.405684943153882,0.037,0.246,0
"Rfc5",0,-0.408070295702555,0.037,0.244,0
"Myo1f",0,-0.421850179390233,0.01,0.163,0
"Cdc20",0,-0.423532061889273,0.008,0.17,0
"Tcf19",0,-0.427232868274545,0.018,0.208,0
"Mad2l1",0,-0.427949623693791,0.019,0.226,0
"Prdx4",0,-0.428113661697276,0.049,0.266,0
"Mcm10",0,-0.429305455985085,0.004,0.197,0
"Fbxo5",0,-0.430447038564166,0.024,0.217,0
"Fignl1",0,-0.432028181685773,0.008,0.217,0
"Kntc1",0,-0.436772443514611,0.005,0.193,0
"Ppil1",0,-0.437031459247336,0.067,0.291,0
"Ndc80",0,-0.438623828973669,0.016,0.206,0
"Prim1",0,-0.453821153856314,0.023,0.241,0
"Acot7",0,-0.455034224657082,0.079,0.317,0
"Dlgap5",0,-0.456039811246577,0.016,0.215,0
"Dtl",0,-0.458827702232428,0.012,0.214,0
"C330027C09Rik",0,-0.464542116123163,0.015,0.217,0
"Spc24",0,-0.46533969461298,0.006,0.223,0
"Ckap2l",0,-0.469261388844712,0.004,0.192,0
"Plk1",0,-0.469299334704887,0.005,0.19,0
"Cdca7",0,-0.471447450043801,0.047,0.267,0
"Kif22",0,-0.477581652952493,0.007,0.2,0
"Gmnn",0,-0.480739175982293,0.025,0.255,0
"Rad51",0,-0.481527952148216,0.007,0.221,0
"Ccnb2",0,-0.483524742192465,0.007,0.21,0
"Lrrc59",0,-0.48415778950987,0.077,0.309,0
"Ube2c",0,-0.485179189896153,0.006,0.177,0
"Kif23",0,-0.486085630777569,0.008,0.202,0
"Arhgap11a",0,-0.486942220919158,0.023,0.23,0
"Hist1h2ae",0,-0.491751627565562,0.009,0.195,0
"Hmmr",0,-0.494880604486786,0.002,0.191,0
"Tk1",0,-0.497141912737853,0.016,0.236,0
"2700094K13Rik",0,-0.517635713087539,0.094,0.344,0
"Hist1h2ab",0,-0.524042537726586,0.005,0.195,0
"Kif4",0,-0.525730029922947,0.006,0.214,0
"Bub1b",0,-0.525917139643278,0.01,0.225,0
"Nasp",0,-0.527032796740249,0.096,0.347,0
"Pola1",0,-0.528348889863064,0.033,0.27,0
"Casc5",0,-0.529941708965941,0.007,0.216,0
"Phgdh",0,-0.533978089586379,0.106,0.372,0
"Cdca3",0,-0.540316018861504,0.007,0.227,0
"Irf4",0,-0.540873186726979,0.056,0.267,0
"Clspn",0,-0.545821141511544,0.005,0.228,0
"Pgk1",0,-0.546724367089265,0.132,0.396,0
"Kif20a",0,-0.547563449708939,0.016,0.24,0
"Calm1",0,-0.552021448648947,0.671,0.839,0
"Asf1b",0,-0.55923688074639,0.013,0.263,0
"Pole",0,-0.565130467924634,0.022,0.261,0
"Sept11",0,-0.567517905532899,0.108,0.373,0
"Hist1h3c",0,-0.56756967235757,0.005,0.202,0
"Chaf1a",0,-0.568518205859853,0.017,0.267,0
"Tfrc",0,-0.570830618435957,0.09,0.325,0
"Fen1",0,-0.574241564556657,0.058,0.325,0
"Casp3",0,-0.574954070335559,0.057,0.295,0
"Srsf2",0,-0.580112941983704,0.277,0.57,0
"Prc1",0,-0.584365454246048,0.009,0.214,0
"Txn1",0,-0.586613976578578,0.167,0.451,0
"Psat1",0,-0.587899508184013,0.086,0.368,0
"Rilpl2",0,-0.588132690180081,0.087,0.341,0
"Aspm",0,-0.593814297944461,0.006,0.203,0
"Anp32b",0,-0.59484004783265,0.384,0.649,0
"Fkbp5",0,-0.596307614589284,0.082,0.353,0
"Nusap1",0,-0.600010598266498,0.006,0.211,0
"Hnrnpa2b1",0,-0.60219139150175,0.772,0.899,0
"Tacc3",0,-0.602400275236858,0.018,0.268,0
"Ccr4",0,-0.602963471290319,0.034,0.245,0
"Ncaph",0,-0.603226573672894,0.009,0.257,0
"Prdx1",0,-0.606596723044214,0.19,0.496,0
"Ywhae",0,-0.613778943874007,0.329,0.608,0
"Hsp90ab1",0,-0.617848078248927,0.922,0.961,0
"Ybx3",0,-0.618009749821072,0.124,0.394,0
"Canx",0,-0.619647529058433,0.479,0.739,0
"Kif15",0,-0.622267394155153,0.01,0.263,0
"Srsf1",0,-0.622484269144726,0.245,0.553,0
"Ssrp1",0,-0.627733017985066,0.331,0.618,0
"Tagln2",0,-0.637593633302461,0.141,0.422,0
"Ezh2",0,-0.64389841892961,0.123,0.411,0
"Dek",0,-0.64477878005202,0.214,0.506,0
"Stip1",0,-0.647185720164363,0.294,0.598,0
"Ipo5",0,-0.647336637642821,0.187,0.486,0
"Rangap1",0,-0.647861816563097,0.234,0.534,0
"Gapdh",0,-0.648329990542014,0.355,0.635,0
"Ncapg2",0,-0.65260181970304,0.01,0.281,0
"Dut",0,-0.654433301280966,0.066,0.356,0
"Ncapg",0,-0.656702472508556,0.007,0.266,0
"Topbp1",0,-0.661102423384621,0.151,0.466,0
"Tuba1c",0,-0.663341272789732,0.057,0.306,0
"Tyms",0,-0.664795780457112,0.019,0.295,0
"Eif5a",0,-0.664965522774329,0.442,0.698,0
"Cenpe",0,-0.678923716201725,0.011,0.228,0
"Ranbp1",0,-0.680340668374001,0.141,0.455,0
"Cdca8",0,-0.6804673264423,0.014,0.282,0
"H2afz",0,-0.691102394770815,0.359,0.622,0
"Atad2",0,-0.69873664498964,0.12,0.414,0
"Cenpf",0,-0.704233272264073,0.009,0.222,0
"Hells",0,-0.704275534425072,0.027,0.316,0
"Hspd1",0,-0.7047601859239,0.187,0.457,0
"Lcp1",0,-0.706656374833168,0.812,0.949,0
"Birc5",0,-0.707661494424955,0.011,0.286,0
"Hspa8",0,-0.713786626859659,0.787,0.923,0
"Hsp90b1",0,-0.721431101395118,0.418,0.701,0
"Mcm2",0,-0.723491233020674,0.101,0.411,0
"Hsp90aa1",0,-0.723950449409716,0.344,0.627,0
"Incenp",0,-0.725124477351811,0.054,0.327,0
"Nucks1",0,-0.733973372882724,0.242,0.56,0
"Lgals3",0,-0.73749875867851,0.004,0.16,0
"Racgap1",0,-0.749833807555547,0.029,0.318,0
"Ran",0,-0.753264956545664,0.177,0.515,0
"Pkm",0,-0.753705508966729,0.541,0.792,0
"Anp32e",0,-0.757911410843758,0.252,0.582,0
"Pa2g4",0,-0.766581459559427,0.276,0.589,0
"Smc2",0,-0.781947644628232,0.06,0.378,0
"Ptma",0,-0.788442066381068,0.509,0.77,0
"Tpi1",0,-0.795881177994564,0.112,0.44,0
"Ybx1",0,-0.797457794661546,0.543,0.793,0
"S100a6",0,-0.799723708443045,0.02,0.255,0
"Tmpo",0,-0.800759452224273,0.304,0.61,0
"Cbx5",0,-0.808724741401936,0.114,0.457,0
"2810417H13Rik",0,-0.811396805217041,0.007,0.317,0
"Tpx2",0,-0.812038363499057,0.008,0.282,0
"Mcm7",0,-0.833818721976503,0.108,0.45,0
"Ncapd2",0,-0.838233270258815,0.058,0.377,0
"Maf",0,-0.840627943747892,0.082,0.362,0
"Hnrnpab",0,-0.852936877965919,0.534,0.802,0
"Dnmt1",0,-0.861156946715223,0.221,0.571,0
"Ldha",0,-0.869121902349004,0.536,0.805,0
"Mcm4",0,-0.873889893097642,0.171,0.52,0
"Hist1h1e",0,-0.877519287633957,0.078,0.331,0
"Anxa2",0,-0.890185240312589,0.07,0.315,0
"Tubb4b",0,-0.911201474061485,0.156,0.48,0
"Stmn1",0,-0.918089601249446,0.025,0.37,0
"Whsc1",0,-0.920845975191124,0.096,0.46,0
"Pcna",0,-0.923335188089494,0.184,0.527,0
"Kif11",0,-0.938605200620529,0.01,0.303,0
"Ccna2",0,-0.959856210868996,0.008,0.333,0
"Tuba1b",0,-0.984123802000581,0.18,0.552,0
"Rrm2",0,-1.03853592727476,0.013,0.35,0
"Lig1",0,-1.03928059777013,0.059,0.446,0
"Hist1h1b",0,-1.04497470890628,0.013,0.292,0
"Mcm6",0,-1.07032482226775,0.188,0.592,0
"Hist1h1d",0,-1.08471754483969,0.07,0.327,0
"S100a4",0,-1.0998018372977,0.016,0.264,0
"Mcm5",0,-1.11857319631841,0.097,0.51,0
"Tubb5",0,-1.1273528910721,0.634,0.822,0
"Uhrf1",0,-1.12740744778953,0.027,0.411,0
"Mcm3",0,-1.16423735262647,0.103,0.526,0
"Lmnb1",0,-1.23209231203583,0.107,0.542,0
"Rrm1",0,-1.23424388129302,0.093,0.512,0
"Hmgb2",0,-1.29262666846151,0.121,0.519,0
"Icos",0,-1.29425722596131,0.137,0.512,0
"Lgals1",0,-1.42769806703567,0.298,0.632,0
"Top2a",0,-1.87418732947058,0.057,0.481,0
"Mki67",0,-2.14407440931585,0.053,0.503,0
"Kif14",2.53431865787674e-307,-0.310453525205801,0.004,0.135,3.6641179155582e-303
"Actg1",2.96573844647858e-307,-0.635504383943227,0.475,0.717,4.28786464591873e-303
"Atp5b",5.3000266827113e-304,-0.558850448218029,0.613,0.801,7.662778577864e-300
"Srsf3",7.62610956152179e-304,-0.585869382476352,0.352,0.628,1.10258292040482e-299
"Ckap2",1.66351569454844e-303,-0.290916056996665,0.005,0.137,2.40511099117814e-299
"Prr11",5.52597276115195e-303,-0.302084067560126,0.003,0.13,7.98945141807349e-299
"Nme1",7.11496470973797e-303,-0.601478249103835,0.245,0.525,1.02868159773392e-298
"Tkt",1.07069278213232e-302,-0.578160137712657,0.349,0.627,1.54800762440691e-298
"Sgol1",1.82213769430836e-301,-0.275825851839922,0.005,0.138,2.63444667843103e-297
"Tcp1",2.13809728797095e-301,-0.614661440166975,0.357,0.624,3.0912610589484e-297
"Nap1l1",5.09558062341521e-301,-0.592912269569729,0.256,0.533,7.36719046533372e-297
"Hnrnpu",2.00664665092008e-300,-0.477545200250791,0.724,0.872,2.90120972790025e-296
"Adap1",5.07875879803441e-300,-0.38449513644319,0.029,0.202,7.34286947019814e-296
"Slc25a5",1.72518876276929e-299,-0.575703356929701,0.384,0.652,2.49427791321184e-295
"Cdkn2c",1.6141365937568e-297,-0.329452495010434,0.009,0.149,2.33371868725358e-293
"Azin1",6.74312847924819e-297,-0.502058236112822,0.137,0.396,9.74921515529703e-293
"Ccr2",7.16289996985985e-296,-0.62596505956338,0.004,0.131,1.03561207764234e-291
"Hirip3",8.35088943975331e-296,-0.350057894215188,0.029,0.202,1.20737159519953e-291
"Kpnb1",2.92023617148496e-295,-0.57332916601972,0.463,0.709,4.22207745673296e-291
"Pold1",1.38626657981072e-294,-0.400573440478784,0.057,0.262,2.00426422109034e-290
"Srgn",1.52469666386885e-293,-0.715617445543774,0.4,0.672,2.20440643662158e-289
"Calm3",1.46614046749331e-292,-0.565518482118359,0.301,0.58,2.11974588790182e-288
"Atp2b4",7.54072224338903e-291,-0.470712679829053,0.047,0.24,1.09023762194919e-286
"Set",5.84790503242487e-289,-0.589344951138617,0.448,0.692,8.45490109587988e-285
"E2f1",8.55261336596171e-289,-0.305122037867363,0.008,0.143,1.23653684045074e-284
"Arhgap19",2.75938784172271e-288,-0.269409436796769,0.005,0.131,3.98952294156269e-284
"Rad54l",2.16337478360246e-287,-0.254066393224722,0.005,0.132,3.12780726213244e-283
"Usp1",1.01483853834916e-286,-0.471641391800827,0.126,0.374,1.46725355874522e-282
"Odc1",1.6644857491372e-286,-0.481958774297086,0.082,0.301,2.40651349610257e-282
"Cenpa",1.83539041140808e-284,-0.408180217660085,0.038,0.217,2.6536074568138e-280
"Anln",4.37046890726213e-284,-0.261993146137532,0.003,0.122,6.31882394611959e-280
"Kpna3",1.00583507878787e-282,-0.430085397424409,0.091,0.319,1.45423635691151e-278
"Cdc25b",1.34893547638375e-282,-0.587576882179619,0.067,0.271,1.95029091175562e-278
"Cdc45",9.213308006444e-282,-0.256694954147371,0.007,0.137,1.33206007157167e-277
"Aurka",1.19735912393309e-281,-0.286900007491829,0.006,0.134,1.73114182138247e-277
"Serbp1",1.30790050402171e-281,-0.516746459528686,0.69,0.841,1.89096254871459e-277
"Snx5",1.71859619439449e-281,-0.521703379776222,0.234,0.512,2.48474637785556e-277
"Hist1h2an",2.77288219171975e-280,-0.255836739572362,0.003,0.122,4.00903307278841e-276
"Xpo1",6.52365240654787e-280,-0.546525279831065,0.286,0.559,9.43189664938692e-276
"Hspa5",7.37834460304192e-280,-0.545478504567137,0.629,0.816,1.0667610627078e-275
"Hnrnpa3",1.6901952420228e-279,-0.526608368852107,0.494,0.718,2.44368428091656e-275
"Ehd4",1.39705051976642e-277,-0.337311719649293,0.02,0.171,2.01985564147829e-273
"Shmt1",2.68141430272612e-276,-0.370231900469852,0.023,0.179,3.87678879888143e-272
"Ppia",1.65532740973322e-275,-0.547136886141937,0.343,0.608,2.39327236899228e-271
"Rcc1",3.4830209053704e-275,-0.302097978595415,0.026,0.186,5.03575162498452e-271
"Ercc6l",5.9797643621205e-275,-0.254052515208388,0.008,0.135,8.64554331475382e-271
"Orc6",1.10288687578669e-274,-0.29607483764348,0.023,0.178,1.59455384501239e-270
"Brip1",1.47473498637595e-273,-0.282538177413037,0.007,0.133,2.13217184330235e-269
"Slc43a3",9.70758598188039e-271,-0.300258102129218,0.021,0.171,1.40352278126027e-266
"Calr",1.13553435400349e-270,-0.524060688986168,0.542,0.762,1.64175556901824e-266
"Pold3",4.84488103276404e-270,-0.388831516579917,0.071,0.277,7.00472899717024e-266
"Rbbp7",1.59835844084783e-268,-0.542436937034717,0.3,0.565,2.31090663377779e-264
"Rfc3",2.13968517518801e-268,-0.320583199607441,0.027,0.186,3.09355682628683e-264
"Cmtm7",3.00922243972631e-268,-0.501182198109112,0.108,0.332,4.35073380335631e-264
"Kif20b",1.29212918255108e-265,-0.341956802873915,0.022,0.172,1.86816037213235e-261
"Dnajc9",1.53162527142435e-265,-0.499428083929058,0.179,0.435,2.21442381742532e-261
"Hat1",5.76348089065183e-265,-0.396889333803447,0.073,0.277,8.33284067170442e-261
"Ly6a",3.96563828691541e-264,-0.779380403652939,0.146,0.38,5.7335198352223e-260
"Ncl",3.74292919103555e-262,-0.650270401476507,0.692,0.826,5.41152702439919e-258
"Wdr76",1.82510759503679e-261,-0.338297655163467,0.045,0.222,2.63874056090418e-257
"Hsph1",2.78313082069075e-261,-0.558669673366167,0.181,0.435,4.02385054055469e-257
"Nup62",2.57741153821395e-259,-0.381530061527429,0.074,0.277,3.72642160194973e-255
"Atp5g3",1.43374303166464e-257,-0.51241259189741,0.292,0.556,2.07290567518074e-253
"Prep",2.53634627001592e-257,-0.405636961737624,0.072,0.272,3.66704943718902e-253
"Prdm1",2.90026970964626e-257,-0.347671945181107,0.011,0.139,4.19320994620656e-253
"Pdcd4",7.56582766086669e-257,0.546008059763474,0.708,0.486,1.09386736320811e-252
"Paics",3.08292399373126e-256,-0.512858156236875,0.225,0.484,4.45729151013665e-252
"Blmh",3.06357027755809e-252,-0.446016821475009,0.136,0.372,4.42930990729349e-248
"Hist2h2ac",1.29239815246986e-251,-0.299884925582381,0.015,0.146,1.86854924884093e-247
"Umps",4.89200800001652e-251,-0.420206908825278,0.085,0.291,7.07286516642388e-247
"Dctpp1",3.16361576457683e-250,-0.28718325781912,0.027,0.178,4.57395567242519e-246
"Ak2",3.36736164282614e-250,-0.452207182063904,0.151,0.393,4.86853146319803e-246
"Pdia6",4.0299283711565e-250,-0.503102961381397,0.195,0.448,5.82647043901807e-246
"Chaf1b",6.18891949646807e-250,-0.308418277875436,0.031,0.187,8.94793980799354e-246
"Ddx39",3.55402255189782e-249,-0.439604049180392,0.125,0.354,5.13840580553387e-245
"Rpa2",4.62646253203956e-249,-0.38436485413065,0.07,0.264,6.68893952882279e-245
"Rbbp8",5.42913868923629e-249,-0.278375489646634,0.024,0.17,7.84944871689783e-245
"Hist2h2bb",9.74642658486089e-249,-0.296629393575556,0.014,0.144,1.40913835563919e-244
"Nhp2",2.34634708623287e-248,-0.442222694393173,0.101,0.314,3.39234861727549e-244
"Snrpd1",2.56807489529551e-248,-0.37903737847519,0.084,0.289,3.71292268361825e-244
"Psmd1",9.9181980015911e-248,-0.478393744165394,0.193,0.446,1.43397306707004e-243
"Cdt1",1.56034075924409e-246,-0.319970137917805,0.038,0.201,2.2559406697151e-242
"Tpm4",2.88916629506127e-246,-0.574204534121476,0.309,0.562,4.17715662939958e-242
"Anapc5",3.33247095185482e-246,-0.524866830919991,0.289,0.544,4.81808650219171e-242
"H2afx",4.25038487561608e-246,-0.317872442746939,0.024,0.169,6.14520645316573e-242
"Hnrnpd",8.78409709400493e-246,-0.501273316809591,0.36,0.616,1.27000475785123e-241
"Csrp1",1.12860392337027e-243,-0.433974821095152,0.119,0.344,1.63173555240873e-239
"Naa50",1.57071055244356e-243,-0.459960756380308,0.184,0.432,2.2709333167229e-239
"Acsl5",5.85013416261224e-243,-0.473899324468974,0.209,0.464,8.45812397230478e-239
"Ccne1",6.46956462536778e-243,-0.290574504481354,0.016,0.146,9.35369653535673e-239
"Cxcr3",1.12140004978697e-242,-0.374340193200866,0.023,0.163,1.621320191982e-238
"Rfwd3",1.84903328329758e-241,-0.368108548785069,0.079,0.278,2.67333232099164e-237
"Gm23935",1.98482845839403e-241,0.364741445877011,0.992,0.987,2.86966498514609e-237
"Batf",2.53875449870127e-241,-0.423363150878435,0.089,0.296,3.67053125422229e-237
"Zdhhc2",3.06454650671261e-241,-0.30677693973698,0.031,0.183,4.43072133940509e-237
"Fabp5",4.63473911771228e-241,-0.284549527960848,0.026,0.172,6.70090581638842e-237
"Cdk4",1.50845431305253e-240,-0.518085911629291,0.233,0.483,2.18092324581135e-236
"Haus4",2.30202210270683e-240,-0.263734841800953,0.025,0.168,3.32826355609354e-236
"S100a10",5.25843519892229e-240,-0.723148682222474,0.424,0.642,7.60264561060185e-236
"Ywhah",8.87814311004351e-240,-0.444255258256542,0.183,0.43,1.28360193085009e-235
"M6pr",1.34631011780215e-239,-0.499721422837084,0.26,0.522,1.94649516831835e-235
"Sdf2l1",3.51857504928317e-239,-0.28759144438309,0.029,0.177,5.0871558062536e-235
"Mms22l",4.40978816514478e-239,-0.280977978630803,0.022,0.16,6.37567172916632e-235
"Vars",4.55467583559529e-239,-0.458206532942256,0.245,0.511,6.58515032310367e-235
"Nup205",7.08360612064954e-239,-0.389160234780462,0.107,0.325,1.02414777292351e-234
"Vim",8.54340337218693e-239,-0.803595280924932,0.617,0.76,1.23520525955079e-234
"Hist1h4d",1.9996311654988e-237,-0.472526321730207,0.066,0.246,2.89106673907816e-233
"Ppa1",3.16267448211144e-237,-0.4150390625605,0.111,0.328,4.57259476623671e-233
"D17H6S56E-5",3.22311674980389e-237,-0.505390724127103,0.119,0.336,4.65998219686647e-233
"Smarcc1",9.45580952667181e-237,-0.478867193064935,0.234,0.491,1.36712094136621e-232
"Hmgn2",3.21720042324772e-236,-0.321982617051194,0.055,0.231,4.65142837193156e-232
"Glrx",5.09205150533603e-236,-0.352823385588492,0.029,0.176,7.36208806641483e-232
"Hint1",4.24590975960165e-235,-0.464173478370783,0.244,0.497,6.13873633043207e-231
"Atp5a1",1.16835218562239e-234,-0.448070618210184,0.65,0.805,1.68920358997285e-230
"Ipo7",2.64185772485468e-234,-0.405898549791576,0.128,0.352,3.8195978985949e-230
"Supt16",1.25161802958925e-233,-0.475868081952477,0.292,0.547,1.80958934718014e-229
"Ckap5",1.688978038825e-233,-0.461812165523732,0.123,0.341,2.44192444853318e-229
"P4hb",2.39288883537875e-233,-0.476527640308889,0.3,0.561,3.45963867819059e-229
"Ube2s",3.37107530732378e-233,-0.30373657186415,0.035,0.188,4.87390067932872e-229
"Gspt1",5.32186769676436e-233,-0.484900745479947,0.241,0.494,7.69435631598191e-229
"Cfl1",1.44563542180281e-232,-0.400679755290873,0.765,0.883,2.0900996928425e-228
"Hdgf",1.95823920818223e-232,-0.452590050892563,0.2,0.446,2.83122224718987e-228
"Brca2",3.31358382353389e-232,-0.274800809393467,0.017,0.146,4.79077949206529e-228
"Banf1",4.61406208315745e-232,-0.412997782818101,0.149,0.382,6.67101095982904e-228
"Tigit",1.21776063314038e-231,-0.418208600455704,0.027,0.168,1.76063832339436e-227
"Alyref",3.54552958847337e-230,-0.374448180593718,0.106,0.317,5.12612667901479e-226
"Cdv3",4.72190329357723e-230,-0.416744449575066,0.124,0.343,6.82692778185396e-226
"Cct6a",6.73752060402932e-230,-0.523532901105729,0.216,0.456,9.74110728930559e-226
"Srsf7",5.17112384407185e-229,-0.413555071784013,0.166,0.404,7.47641085375908e-225
"Cpd",7.51433486358803e-229,-0.344998355863187,0.047,0.211,1.08642253457756e-224
"Fus",1.76158053747179e-228,-0.467657257520197,0.418,0.66,2.54689314107672e-224
"Syncrip",2.70933652262821e-227,-0.460887719196902,0.257,0.51,3.91715874441586e-223
"G3bp1",4.39732476981187e-227,-0.489239273215239,0.334,0.586,6.357652152194e-223
"Aebp2",1.51712054372483e-226,-0.465593984309066,0.232,0.486,2.19345288211736e-222
"Etf1",7.24780480249224e-226,-0.488579868921726,0.262,0.509,1.04788761834433e-221
"Sae1",1.17041295143685e-225,-0.435784014919346,0.165,0.398,1.6921830451874e-221
"Eif2s1",2.40240447526176e-225,-0.420858615075838,0.155,0.385,3.47339639033345e-221
"Map2k3",4.27971038305623e-224,-0.327255766583664,0.048,0.211,6.1876052718227e-220
"Hspa4",2.07434823333388e-223,-0.476446705587496,0.33,0.584,2.99909267575412e-219
"Cct2",3.71183809864736e-223,-0.460443488664021,0.539,0.743,5.36657552302435e-219
"Ttf2",4.83677678719661e-223,-0.307637154211317,0.048,0.212,6.99301187892885e-219
"Ighm",4.21548080076285e-222,-0.652923341727868,0.312,0.547,6.09474214174293e-218
"Mapk6",6.71918235159643e-222,-0.354709336724625,0.072,0.255,9.71459384393812e-218
"Eif3b",7.27777068887169e-222,-0.527613916112306,0.37,0.605,1.05222008619707e-217
"Mthfd1",4.16791140134001e-221,-0.433556404270473,0.103,0.304,6.02596630405739e-217
"Mif",6.90381688439251e-221,-0.452972950287905,0.151,0.373,9.98153845145469e-217
"Eri1",9.87115249072008e-221,-0.374183178870096,0.12,0.336,1.42717122710831e-216
"Ncaph2",1.43702547518839e-219,-0.451732629651741,0.223,0.466,2.07765143202738e-215
"Aldoa",1.81481012130788e-219,-0.547056972094187,0.336,0.571,2.62385247338694e-215
"Dbf4",6.51992110346093e-219,-0.28530894370998,0.039,0.191,9.42650193138382e-215
"Timeless",3.24504762329393e-218,-0.325558277863549,0.055,0.222,4.69168985375837e-214
"Cox5a",7.36586325145295e-218,-0.379492112416311,0.151,0.379,1.06495650889507e-213
"Ddx1",1.93557772794151e-217,-0.394079284379303,0.139,0.358,2.79845827905784e-213
"Eif4a1",1.98528005799022e-217,-0.494389704763484,0.431,0.659,2.87031790784227e-213
"Tjp2",6.03045576936807e-217,-0.260910017571064,0.018,0.141,8.71883295135236e-213
"Arl5a",8.33662723884722e-217,-0.584007088127509,0.166,0.388,1.20530956619253e-212
"Snrpa1",2.30469391607473e-216,-0.352729387490166,0.094,0.29,3.33212646386084e-212
"Rpn1",5.01809836314439e-216,-0.401597803980039,0.171,0.403,7.25516661343415e-212
"Nudc",1.18844195625283e-215,-0.403833861866944,0.142,0.362,1.71824938035034e-211
"Tnfrsf1b",1.56957253017933e-214,-0.544619511694283,0.222,0.461,2.26928796413327e-210
"Ppm1g",3.44970266414243e-214,-0.446528147680545,0.27,0.516,4.98758011181713e-210
"Parp1",6.1898549065821e-214,-0.45577447961834,0.233,0.473,8.9492922239364e-210
"Lbr",8.00644976874431e-214,-0.514647153156018,0.295,0.527,1.15757250756505e-209
"Mrpl18",8.07119279863169e-214,-0.3645068392077,0.117,0.326,1.16693305482617e-209
"Fkbp4",3.28259912894598e-213,-0.478060598762999,0.252,0.493,4.7459818206301e-209
"Mtch1",9.6146526304989e-213,-0.392770573483401,0.129,0.341,1.39008647731753e-208
"Got2",1.14810773930768e-212,-0.405475199066172,0.176,0.407,1.65993416949104e-208
"Nans",1.18576241988633e-212,-0.42283888019354,0.178,0.409,1.71437530667166e-208
"Rnaseh2b",4.12056303974298e-211,-0.259134568842723,0.036,0.181,5.95751004286041e-207
"Bzw1",5.9107536509632e-208,-0.454194352287312,0.339,0.577,8.5457676285626e-204
"4632419I22Rik",1.67141232894265e-207,-0.350563416503895,0.104,0.303,2.41652794518528e-203
"Trim37",8.98412753655041e-206,-0.264228283286322,0.031,0.168,1.29892515923446e-201
"Prmt1",1.31292629965033e-205,-0.455288878496965,0.207,0.438,1.89822884403444e-201
"Psmd13",1.52101715842484e-205,-0.402944731275904,0.197,0.432,2.19908660765063e-201
"Rfc2",2.74042852498661e-205,-0.383847205408468,0.117,0.319,3.96211156142564e-201
"Rpsa",5.67131454700738e-205,-0.257570820197871,0.986,0.994,8.19958657206327e-201
"Hspa9",9.93197319568431e-205,-0.528811118993739,0.229,0.455,1.43596468463204e-200
"Ahcy",4.04860301583101e-204,-0.282967718454408,0.06,0.226,5.85347024028847e-200
"Mpp6",6.20271845423716e-204,-0.286907854359971,0.052,0.209,8.96789034113608e-200
"Ppp1ca",4.37690631815225e-203,-0.462213803914736,0.563,0.744,6.32813115478452e-199
"Oaz1",7.39284213702686e-203,-0.420619427640085,0.564,0.755,1.06885711617134e-198
"Slc25a4",1.55228845761039e-202,-0.442799466727744,0.218,0.449,2.2442986520131e-198
"Cdk2",1.08457281591461e-201,-0.257793400267023,0.043,0.193,1.56807537724934e-197
"Nup93",1.48486764473083e-201,-0.277179035476403,0.051,0.208,2.14682164075183e-197
"Stx11",5.72629759082227e-201,-0.279286016806644,0.035,0.175,8.27908105681084e-197
"Txnrd1",1.3825653821372e-200,-0.385757133231847,0.127,0.332,1.99891302949396e-196
"Atp5f1",1.49787053624602e-200,-0.435112440991862,0.369,0.605,2.1656212213045e-196
"Nelfe",1.63823567513121e-200,-0.32100498056785,0.063,0.228,2.3685611391047e-196
"Prkar1a",2.70562093096649e-200,-0.432017260111528,0.444,0.672,3.91178674199135e-196
"Rps27l",3.24454738289175e-200,-0.303183177285409,0.069,0.238,4.69096660618489e-196
"Pola2",4.10315729852365e-200,-0.258013184033159,0.038,0.181,5.93234482220549e-196
"Rbbp4",5.94977001365561e-200,-0.433679036186552,0.286,0.523,8.60217748574329e-196
"Capzb",2.0978917037892e-199,-0.429536008364156,0.487,0.71,3.03313182533843e-195
"Lars2",8.6577612493754e-199,0.310802479947456,0.999,0.999,1.2517391214347e-194
"Cd82",1.08004267377153e-198,-0.462036002252433,0.296,0.545,1.56152569773888e-194
"Cct5",3.69930265587143e-198,-0.465677098276667,0.508,0.704,5.34845177985891e-194
"Actr3",1.1944362247996e-197,-0.395486869385384,0.714,0.846,1.72691589381526e-193
"Rad21",1.90247483167416e-197,-0.531794751747494,0.368,0.58,2.7505981116345e-193
"Coro1c",5.9379623163642e-197,-0.369124608640328,0.145,0.357,8.58510591699936e-193
"Hdlbp",1.06934744217987e-196,-0.405613411545991,0.233,0.474,1.54606253190365e-192
"Nop58",1.3104495797093e-196,-0.452108243771607,0.177,0.393,1.8946480023437e-192
"E2f2",2.13874564331536e-196,-0.489066324204548,0.151,0.358,3.09219845110535e-192
"Rpa1",1.14796986284399e-195,-0.461474205465722,0.29,0.52,1.65973482769984e-191
"Baz1a",2.79599286840239e-195,-0.428612660586495,0.157,0.372,4.04244648913618e-191
"Hmha1",2.89157495436839e-195,0.382663014491288,0.869,0.773,4.18063906902581e-191
"Eif4h",8.54807519974167e-195,-0.425285245461791,0.304,0.543,1.23588071237865e-190
"Hmgb1",6.01620869058795e-194,-0.370747921416618,0.137,0.341,8.69823452485206e-190
"Pdia3",1.15757654524381e-193,-0.406668139848524,0.582,0.765,1.6736241691135e-189
"Rps2",2.8525563256301e-193,-0.364284149584709,0.85,0.915,4.124225935596e-189
"Cdc25a",3.77621770270995e-193,-0.268656711841354,0.043,0.187,5.45965555457804e-189
"Sephs1",4.55967159706068e-193,-0.306864109697735,0.08,0.255,6.59237319503033e-189
"Gars",1.69931342482691e-192,-0.377614939506813,0.14,0.345,2.45686734961474e-188
"Dhx9",4.7210712262898e-192,-0.423508665364916,0.424,0.652,6.82572477896979e-188
"Txnip",6.40111410942695e-192,0.522807393742126,0.542,0.319,9.25473077940949e-188
"Psma7",1.42525046253668e-191,-0.42013929617776,0.286,0.522,2.06062711873553e-187
"Slmo2",1.5152591019462e-191,-0.296615297764334,0.062,0.222,2.19076160959382e-187
"Tubg1",6.93626010100383e-191,-0.252416902384248,0.04,0.18,1.00284448540313e-186
"Pycard",1.82367245593953e-190,-0.495062367094181,0.217,0.436,2.63666563679737e-186
"Atp2a2",1.72197632018266e-189,-0.38928911765563,0.232,0.467,2.48963336372009e-185
"Psmc1",1.03105926331472e-188,-0.374324585496901,0.157,0.367,1.49070548290042e-184
"Baz1b",1.16332302022267e-188,-0.414515607140252,0.347,0.586,1.68193242263794e-184
"Aars",1.34522095532633e-188,-0.34666022288451,0.147,0.356,1.94492045721081e-184
"Cdc34",2.47718864745704e-188,-0.377188771266586,0.137,0.338,3.58151934649340e-184
"Fam111a",2.90413476824178e-188,-0.362243394772116,0.151,0.363,4.19879804792397e-184
"Creld2",5.09327688769128e-188,-0.298467000749487,0.063,0.223,7.36385972422406e-184
"Suv39h1",1.5639427623152e-187,-0.262012752940371,0.054,0.206,2.26114844575532e-183
"Ift80",1.83597047193006e-187,0.537151287931864,0.558,0.35,2.65444610831648e-183
"Arhgdia",2.0099364908437e-187,-0.418182606262321,0.47,0.68,2.90596617846182e-183
"Myo5a",3.07234352157437e-187,-0.282878530715348,0.052,0.203,4.44199426349223e-183
"Serinc3",6.3054395674024e-186,-0.495397686785756,0.338,0.558,9.1164045265504e-182
"Slc16a1",1.33671850712826e-185,-0.264577691099304,0.042,0.181,1.93262761760603e-181
"Bcl2",3.52396020408319e-185,0.592640625623955,0.471,0.259,5.09494166306347e-181
"Cct7",4.37494935547867e-185,-0.443127327956464,0.41,0.63,6.32530177815106e-181
"Psmc3",8.38173823295156e-185,-0.414278642634195,0.33,0.562,1.21183171372014e-180
"Ppp2r4",9.80180851204682e-185,-0.352157596626515,0.16,0.372,1.41714547467173e-180
"Fgl2",1.22498454125724e-184,-0.379800373019363,0.019,0.129,1.77108264974972e-180
"Eftud2",1.59793837476213e-184,-0.390961843143365,0.209,0.432,2.31029930223109e-180
"Psmb4",2.32089167283839e-184,-0.413983554541152,0.334,0.567,3.35554518058974e-180
"Irf8",4.42968165761812e-184,-0.452272303803521,0.057,0.208,6.40443374058429e-180
"Suz12",6.79843834223896e-184,-0.40446111212424,0.232,0.459,9.82918215520909e-180
"Fam129a",1.01633164469122e-183,-0.44024647824751,0.2,0.421,1.46941229189457e-179
"Clic1",1.15863979866853e-183,-0.442736328071241,0.406,0.623,1.67516142091496e-179
"Shmt2",1.68287965928504e-183,-0.353125650537204,0.092,0.266,2.43310741139431e-179
"Lyar",2.09884367732583e-183,-0.289009274236576,0.056,0.207,3.03450818867768e-179
"Timm50",3.6404558680646e-183,-0.278622733706398,0.066,0.225,5.2633710940478e-179
"Ide",1.16841687776888e-182,-0.32327826331294,0.114,0.305,1.68929712187824e-178
"Cct3",1.20781140037069e-182,-0.467944201779266,0.382,0.602,1.74625372265594e-178
"Treml2",2.36168523849283e-182,0.570672663758377,0.426,0.211,3.41452451781294e-178
"Pomp",3.5251774646148e-182,-0.364703139564132,0.216,0.445,5.09670157834008e-178
"Sec11c",4.4416921938527e-182,-0.358799858670357,0.14,0.341,6.42179857387224e-178
"Cse1l",1.35953279409778e-181,-0.329960547098425,0.116,0.305,1.96561251370657e-177
"Prpf19",4.00303862939039e-181,-0.367971456105124,0.162,0.37,5.78759325037263e-177
"Hnrnpll",4.95552852327853e-181,-0.341002843220635,0.139,0.342,7.16470313895609e-177
"Psma6",6.89090583850548e-181,-0.412091268967259,0.317,0.548,9.96287166131123e-177
"Eif3c",9.69993172318522e-180,-0.410309923312878,0.495,0.7,1.40241612853812e-175
"Rps27",9.99196722831487e-180,0.399508898583586,0.777,0.668,1.44463862186976e-175
"Vdac1",1.29651902536576e-179,-0.37287680348092,0.18,0.391,1.87450720687381e-175
"Ptpn7",1.76500422508633e-179,-0.421264650968607,0.323,0.557,2.55184310862982e-175
"Sfpq",6.79182188446379e-179,-0.403222628118482,0.443,0.656,9.81961608055775e-175
"Cltc",4.74251375362023e-178,-0.410088701812456,0.38,0.609,6.85672638498412e-174
"Raly",2.59546113273348e-177,-0.397802847937102,0.481,0.684,3.75251770570606e-173
"Eif4g1",5.62443939270749e-177,-0.41189788524492,0.473,0.68,8.13181447397649e-173
"Fkbp2",5.81015198443113e-177,-0.272061926517561,0.058,0.208,8.40031773909052e-173
"Cyp51",1.67315372451433e-176,-0.31564352431648,0.069,0.228,2.41904565490282e-172
"Macf1",3.67021143476463e-176,0.41671283357173,0.863,0.793,5.30639169238271e-172
"Hjurp",4.01801258426605e-176,-0.457579916611352,0.224,0.439,5.80924259433185e-172
"Nup50",5.37310855855108e-176,-0.339822145081282,0.151,0.355,7.76844035395316e-172
"Smc1a",6.36824137805218e-176,-0.427486700061057,0.319,0.543,9.20720338438785e-172
"Akt1",2.05331384874831e-175,-0.348917358967148,0.158,0.363,2.96868116252031e-171
"Cdc42",4.00664915181218e-175,-0.398108399554305,0.565,0.75,5.79281334369005e-171
"Mapre2",9.46011695534321e-175,-0.308053147010251,0.075,0.236,1.36774370940352e-170
"Psma4",4.04612173779715e-174,-0.375194471989634,0.187,0.397,5.84988280850712e-170
"Ccdc124",4.74408082672286e-174,-0.29919823038832,0.098,0.275,6.85899205927591e-170
"Nup107",7.29881807835997e-174,-0.295495550004254,0.091,0.264,1.05526311776928e-169
"Itgb1",1.25256806205134e-173,-0.50301240939685,0.263,0.488,1.81096290411383e-169
"Mthfd2",1.76150310302727e-173,-0.328750594548869,0.122,0.31,2.54678118635683e-169
"Rad23b",2.35293635296399e-173,-0.371667738271022,0.233,0.457,3.40187537911534e-169
"Ddost",2.89090816017309e-173,-0.35967242999414,0.19,0.405,4.17967501797825e-169
"Kbtbd11",1.01078683310233e-172,0.437535471207946,0.754,0.619,1.46139560329934e-168
"Psme3",2.28927472705818e-172,-0.360185575792358,0.164,0.368,3.30983340038071e-168
"Ppat",2.82495493563585e-172,-0.349132397182539,0.125,0.313,4.08431984594232e-168
"Uba2",4.12713161989389e-172,-0.36413389328338,0.214,0.432,5.96700689604258e-168
"Lamc1",7.01952898879722e-172,-0.324028824318048,0.058,0.204,1.0148835012003e-167
"Cbx1",7.4197364527949e-172,-0.325082539781895,0.143,0.341,1.07274549634509e-167
"Lrba",1.07804775898428e-171,-0.47564247172373,0.171,0.371,1.55864144993947e-167
"Stard4",2.49875924779816e-171,-0.294912905152215,0.072,0.229,3.61270612046657e-167
"Impdh2",8.11346098368583e-171,-0.371731915324838,0.183,0.39,1.1730441890213e-166
"Actl6a",2.47900488581978e-170,-0.317238922060285,0.128,0.318,3.58414526391824e-166
"Cdca7l",4.72272584511219e-170,-0.276826662731062,0.061,0.209,6.8281170268632e-166
"Npm1",7.05042985348257e-170,-0.532739111170057,0.671,0.787,1.01935114821651e-165
"Galk1",1.04675689103337e-169,-0.282216251238638,0.052,0.192,1.51340111305604e-165
"Sfxn1",4.64834509566233e-169,-0.31315905828607,0.106,0.283,6.7205773393086e-165
"Rbmxl1",7.09548105124948e-169,-0.266516805150662,0.068,0.22,1.02586465038965e-164
"Fh1",2.09587298897249e-168,-0.25401745871234,0.065,0.216,3.03021316745643e-164
"Gmps",7.89229230511143e-168,-0.328039291996888,0.141,0.334,1.14106762147301e-163
"Hyou1",1.00204210911204e-167,-0.387553525658942,0.22,0.437,1.44875248135419e-163
"H1f0",5.47148117481635e-167,-0.385662866676737,0.084,0.244,7.91066748254947e-163
"Hmgcr",6.81771863992679e-167,-0.337140688848567,0.129,0.317,9.85705760960615e-163
"Dbi",1.44633506528555e-166,-0.26151632849481,0.081,0.243,2.09111123738984e-162
"Actn4",2.37445301709475e-166,-0.372641932676978,0.362,0.59,3.43298417211559e-162
"Cct8",3.3308389506046e-166,-0.438617590923425,0.417,0.617,4.81572695478414e-162
"Eif3l",6.9702522301815e-166,-0.374737777064945,0.308,0.534,1.00775906743964e-161
"Dtymk",1.06173249682818e-165,-0.25158090136799,0.065,0.214,1.53505284391419e-161
"Dck",1.08266589686762e-165,-0.25711238225019,0.047,0.179,1.5653183536912e-161
"Ptbp1",1.6712072238076e-165,-0.398000227970179,0.376,0.592,2.41623140418102e-161
"Gart",5.44637378445088e-165,-0.396011337613625,0.187,0.39,7.87436721755908e-161
"Strap",2.00478363674085e-164,-0.326963517982532,0.156,0.353,2.89851618199992e-160
"Cacybp",4.19169933484016e-164,-0.366543766390042,0.144,0.332,6.06035889831191e-160
"Rbl1",4.21243300810518e-164,-0.323100581653951,0.117,0.297,6.09033564311846e-160
"Marcksl1",2.05177361712089e-163,-0.257276427181112,0.026,0.136,2.96645429563339e-159
"Ddx21",2.71149896500845e-163,-0.445616806722555,0.375,0.585,3.92028520360922e-159
"Psmb7",4.46295571401671e-163,-0.325006816291287,0.157,0.352,6.45254137132537e-159
"Cpsf2",9.59469732225212e-163,-0.303832265918197,0.119,0.301,1.38720133885121e-158
"Hmgn1",1.46582527625979e-162,-0.343648315115202,0.123,0.302,2.11929018441641e-158
"Cldn25",2.2057923358763e-162,-0.309676084647311,0.079,0.236,3.18913455920995e-158
"Eea1",1.14693761275815e-161,-0.316785014968249,0.063,0.207,1.65824240052574e-157
"Hprt",4.40401521642595e-161,-0.300331470838827,0.128,0.311,6.36732519990863e-157
"Rtn3",1.15968996182924e-160,-0.333528152893073,0.209,0.424,1.67667974681272e-156
"Angptl2",3.07997363247896e-160,-0.310103650025319,0.018,0.118,4.45302587783807e-156
"Caprin1",4.59379657048789e-160,-0.366944485611435,0.519,0.707,6.64171108161139e-156
"Pfkp",5.92716918400512e-160,-0.367915544197398,0.202,0.411,8.56950120623461e-156
"Mthfd1l",5.9903438055835e-160,-0.312583874983778,0.13,0.315,8.66083907411262e-156
"Mrpl12",6.5873356029804e-160,-0.311239983195991,0.104,0.273,9.52396981478907e-156
"Fdps",1.24526767438496e-159,-0.284241727726929,0.057,0.197,1.80040800362577e-155
"Sdhb",1.70821574192344e-159,-0.358537638291897,0.222,0.433,2.46973831967291e-155
"Rdx",2.12166204072804e-159,-0.355495918031514,0.264,0.482,3.0674989784846e-155
"Crip1",2.52372100875416e-159,-0.590499773775201,0.352,0.546,3.64879583445677e-155
"Akap13",4.02911083675505e-159,0.395150220754669,0.823,0.731,5.82528844778045e-155
"Bak1",1.13887031350299e-158,-0.288954735335163,0.107,0.28,1.64657869926262e-154
"Ndufb8",2.11044533242158e-158,-0.308171378709376,0.162,0.358,3.05128186161512e-154
"Mrpl13",3.1306209137833e-158,-0.278016596586097,0.102,0.271,4.5262517171479e-154
"Eif3a",5.65617410415182e-158,-0.370875599330094,0.454,0.666,8.1776965197827e-154
"Ehd1",1.55886512050448e-157,-0.258954924660736,0.041,0.166,2.25380719122538e-153
"Psme2",1.60641611290731e-157,-0.381735748262218,0.355,0.579,2.32255641604139e-153
"Cad",2.11585172833425e-157,-0.304293908761398,0.09,0.251,3.05909842882566e-153
"Anxa6",2.97136921029838e-157,-0.485939321172785,0.558,0.709,4.2960056042494e-153
"Pdap1",5.00240459952034e-157,-0.332999528890245,0.168,0.364,7.23247656998651e-153
"Rpn2",6.4103185194409e-157,-0.341605335071809,0.246,0.463,9.26803851540766e-153
"Tardbp",6.44066556585299e-157,-0.34770953650722,0.233,0.448,9.31191427511025e-153
"Rab1",1.34676242450468e-156,-0.32431571031238,0.15,0.339,1.94714911334887e-152
"Slc7a1",1.4070944181741e-156,-0.296552197126336,0.086,0.244,2.03437710979612e-152
"Eif6",1.72985468349442e-156,-0.356283203004374,0.193,0.396,2.50102390139623e-152
"H2afv",5.46189767039995e-156,-0.363414515103149,0.13,0.307,7.89681165186425e-152
"Atp1a1",7.80338857325062e-156,-0.371411145250809,0.436,0.654,1.12821391992057e-151
"Samd1",8.19518499518314e-156,-0.327310099301058,0.12,0.294,1.18485984660358e-151
"Psmd2",2.98858821408052e-155,-0.367547331799414,0.318,0.534,4.32090083991761e-151
"Ssr2",3.8774463297733e-155,-0.302742824892896,0.15,0.341,5.60601190358624e-151
"Dkc1",8.00876228512431e-155,-0.375550972358867,0.166,0.356,1.15790685118327e-150
"Snrpd2",8.33154275431003e-155,-0.353813794899448,0.198,0.399,1.20457445141814e-150
"Uqcrq",1.03448407233455e-154,-0.346648068182177,0.22,0.43,1.4956570717813e-150
"Psma1",1.92702501404654e-154,-0.335739135252474,0.204,0.409,2.78609276530848e-150
"Tnfrsf9",2.48945433147964e-154,-0.466360639572011,0.141,0.319,3.59925307245326e-150
"Ndufb7",3.45161550222636e-154,-0.319894093735284,0.214,0.425,4.99034569311887e-150
"Ahr",1.24237175545508e-153,-0.295036792033819,0.028,0.136,1.79622108403695e-149
"Capg",6.27791797071541e-153,-0.399632839696603,0.527,0.725,9.07661380206033e-149
"Actr2",6.8316524040795e-153,-0.348007586461028,0.547,0.74,9.87720304581815e-149
"Rif1",8.22565870990798e-153,-0.332734731921979,0.195,0.399,1.1892657362785e-148
"Arpc1b",8.5228303070959e-153,-0.364158179721266,0.576,0.744,1.23223080579992e-148
"Ptges3",9.6100225790786e-152,-0.257398655169361,0.091,0.251,1.38941706448318e-147
"C1qbp",1.05174822755069e-151,-0.311490111108713,0.1,0.261,1.52061758739279e-147
"Exosc8",1.33589910767087e-151,-0.31134467566816,0.167,0.361,1.93144292987054e-147
"Kars",1.49795732097124e-151,-0.342583303145321,0.215,0.422,2.16574669466022e-147
"Psmd7",4.42292138217531e-151,-0.336009452808493,0.159,0.347,6.39465973434906e-147
"Smarca5",4.72069032206884e-151,-0.338738516517883,0.224,0.43,6.82517406764713e-147
"Ddb1",8.55624125677903e-151,-0.365760203375065,0.285,0.497,1.23706136090511e-146
"Tomm40",8.77058078630452e-151,-0.286198979651965,0.085,0.237,1.26805057008391e-146
"Txnl1",1.36877202204365e-150,-0.302755183271026,0.141,0.325,1.97897058947071e-146
"Timm13",2.02187956004416e-150,-0.329701309807494,0.194,0.393,2.92323346791185e-146
"Mif4gd",2.84518531371959e-150,-0.253199183768837,0.071,0.216,4.11356892657578e-146
"Dera",3.25924224850197e-150,-0.264537376631168,0.099,0.262,4.71221244288415e-146
"Eif4a3",1.21895595531813e-149,-0.351898619903737,0.257,0.468,1.76236652019896e-145
"Hif1a",1.61385414460226e-149,-0.388320846279487,0.277,0.492,2.33331032226595e-145
"Arpc5",2.64149616235332e-149,-0.37834757525406,0.484,0.678,3.81907515153043e-145
"Szrd1",5.84056372248503e-149,-0.317224057930388,0.211,0.418,8.44428702996886e-145
"Sod1",7.25498272449057e-149,-0.361410629867339,0.455,0.655,1.04892540230685e-144
"Snrpb",2.62946802877098e-148,-0.317580449499049,0.208,0.41,3.80168487599709e-144
"Psma2",2.61792454710928e-147,-0.352084544780306,0.313,0.527,3.7849953102106e-143
"Oxct1",4.28417160259359e-147,-0.346930227224775,0.182,0.374,6.19405530302982e-143
"Mtpn",8.73012523863317e-147,-0.343542799585621,0.249,0.46,1.26220150700158e-142
"Phb2",2.02085079305043e-146,-0.374917013839475,0.261,0.466,2.92174607659232e-142
"Bsg",2.33657423567319e-146,-0.340091258901722,0.284,0.5,3.3782190299363e-142
"Gpx1",4.41553848129708e-146,-0.378267365545331,0.316,0.523,6.38398553625932e-142
"Ndufb6",6.26013234885686e-146,-0.274790630874794,0.126,0.301,9.05089934997724e-142
"Phf5a",7.30660410045638e-146,-0.264742800566359,0.104,0.267,1.05638882084398e-141
"Immt",1.49324871738422e-145,-0.297635453336669,0.171,0.364,2.15893899559411e-141
"Rars",2.54163597143227e-145,-0.289340667512052,0.121,0.292,3.67469728749677e-141
"Sec61a1",4.15090868733815e-145,-0.321842870449378,0.229,0.437,6.00138378015349e-141
"Nsun2",4.68887379616763e-145,-0.419817320604887,0.262,0.459,6.77917373449915e-141
"Mrps7",7.77041795721706e-145,-0.267865295294501,0.091,0.245,1.12344702825444e-140
"Hnrnpa1",9.44026597831157e-145,-0.360158720557732,0.315,0.522,1.36487365514429e-140
"Ctla4",2.12729964300087e-144,-0.532186630994251,0.206,0.391,3.07564982385066e-140
"Mapre1",2.3298299706012e-144,-0.318067496050719,0.276,0.493,3.36846817149521e-140
"Rfc1",2.52037804001637e-144,-0.277858672527247,0.121,0.292,3.64396257025567e-140
"Trim28",2.785717840288e-144,-0.352379690878867,0.241,0.444,4.02759085348839e-140
"Eprs",3.28488113478984e-144,-0.350867734799712,0.245,0.452,4.74928114467916e-140
"Pcbp1",2.42880312298459e-143,-0.374370055484344,0.36,0.561,3.51156355521112e-139
"Cenpb",8.80895304954379e-143,-0.260283870037016,0.098,0.255,1.27359843190304e-138
"Osbpl3",1.35572655113619e-142,-0.269603890824401,0.054,0.181,1.9601094476327e-138
"Hspa14",1.87160699420036e-142,-0.280436850002364,0.146,0.328,2.70596939221488e-138
"Tmem14c",3.43544519352571e-142,-0.276880891462157,0.128,0.3,4.96696666079947e-138
"Manf",3.57552254095084e-142,-0.304113542514503,0.136,0.311,5.16949048970673e-138
"Spcs3",8.02074336875193e-142,-0.308616193294402,0.215,0.417,1.15963907625415e-137
"Flna",9.60667943405211e-142,-0.405847622713492,0.622,0.762,1.38893371257525e-137
"Bag1",1.1356402906742e-141,-0.305997944831802,0.219,0.422,1.64190873225676e-137
"Evl",1.38506836648733e-141,0.448715714561736,0.472,0.283,2.00253184426738e-137
"Ptplad1",2.84431107142169e-141,-0.314066215101814,0.124,0.291,4.11230494706148e-137
"Gbp2b",4.00604084666968e-141,-0.542792124391992,0.017,0.103,5.79193385611502e-137
"Metap2",5.2836292461816e-141,-0.329198139516958,0.221,0.422,7.63907116412935e-137
"Slc38a1",9.97831294221813e-141,-0.304674971192606,0.166,0.354,1.4426644851859e-136
"Psmc5",1.19938139936023e-140,-0.336567527357895,0.223,0.42,1.73406562719502e-136
"Mrpl20",1.40871435180887e-140,-0.281296059436975,0.122,0.29,2.03671920984526e-136
"Tpm3",1.67990105096752e-140,-0.334977975389384,0.589,0.749,2.42880093948884e-136
"Srrt",3.05254928841017e-140,-0.349893056317636,0.337,0.545,4.41337576118342e-136
"Uqcr10",3.41523636862894e-140,-0.285874499272043,0.142,0.317,4.93774874176372e-136
"Rbm3",9.56545359570465e-140,-0.343633199546051,0.27,0.476,1.38297328086698e-135
"Sla",1.1735639394806e-139,-0.4365255854342,0.285,0.487,1.69673874370105e-135
"Gm2a",1.34272088367917e-139,-0.394924140186524,0.26,0.457,1.94130585362334e-135
"Minos1",1.56776413636881e-139,-0.308917004460197,0.221,0.423,2.26667338836203e-135
"Arpc2",1.64206561280118e-139,-0.298015281737299,0.694,0.825,2.37409846298794e-135
"Rrbp1",4.81000784619246e-139,-0.318367338618306,0.158,0.339,6.95430934402506e-135
"Nolc1",4.93453661789554e-139,-0.380375417834764,0.155,0.33,7.13435304215337e-135
"Prmt5",5.43646054065753e-139,-0.303563683257547,0.117,0.281,7.86003464968265e-135
"Cox5b",8.90879182865519e-139,-0.305552231401241,0.219,0.42,1.28803312258697e-134
"Cox6a1",1.24802544411892e-138,-0.331143891428619,0.271,0.475,1.80439518710714e-134
"Mrto4",1.42528039897311e-138,-0.255598613828941,0.066,0.201,2.06067040083532e-134
"Nudt4",2.69702997300478e-138,-0.250333719773884,0.105,0.265,3.89936593497031e-134
"Psmd6",2.95745225145271e-138,-0.290363627392112,0.141,0.316,4.27588446515033e-134
"Pfn1",5.45726979563911e-138,-0.27768147725747,0.768,0.873,7.89012067053503e-134
"Mdh2",1.37812143742898e-137,-0.338280874645877,0.275,0.476,1.99248797423482e-133
"Sumo3",1.58642978274323e-137,-0.253904961604937,0.123,0.291,2.29366017989016e-133
"Eif4g2",1.83820967725796e-137,-0.288810221037038,0.797,0.888,2.65768355137955e-133
"Usp5",3.60554081333893e-137,-0.284508216060712,0.165,0.35,5.21289090792542e-133
"Ube2m",3.81853745694199e-137,-0.285812120980258,0.146,0.323,5.52084145524672e-133
"Rap1a",7.10604768593614e-137,-0.314388334242853,0.215,0.412,1.02739237443265e-132
"Ruvbl2",8.63444897253436e-137,-0.276775926769184,0.105,0.262,1.24836863244902e-132
"Agfg1",1.00572574805332e-136,-0.328118069552543,0.258,0.464,1.45407828653549e-132
"Psmb5",1.21261261565736e-136,-0.260734814052647,0.112,0.274,1.75319531971741e-132
"Tars",1.31663173003911e-136,-0.286662043409608,0.135,0.307,1.90358615529055e-132
"Naa15",2.84065882011281e-136,-0.331688138280011,0.241,0.444,4.1070245221191e-132
"Dnajb11",3.19863299091096e-136,-0.295306570981347,0.152,0.33,4.62458357825907e-132
"Vcp",3.75824936493691e-136,-0.338064072758869,0.439,0.639,5.43367693182578e-132
"Iars",3.77906518401261e-136,-0.293549939249174,0.112,0.272,5.46377244304544e-132
"Vmp1",1.27520632354593e-135,-0.260114798068958,0.088,0.235,1.84369330258271e-131
"Ivns1abp",4.26690576844022e-135,-0.298959051581374,0.179,0.365,6.16909236001087e-131
"Psmd14",7.34748221567954e-135,-0.307818622514066,0.205,0.397,1.06229897874295e-130
"Vdac2",1.78944525399481e-134,-0.313472619635456,0.227,0.424,2.5871799482257e-130
"Slc25a3",1.99026501371313e-134,-0.336956137683499,0.48,0.664,2.87752515682644e-130
"Ssr1",2.21337875653871e-134,-0.276874237350301,0.175,0.363,3.20010300620367e-130
"Fmr1",2.87671496980536e-134,-0.260540632624342,0.113,0.274,4.1591545033446e-130
"Vrk1",3.33672815030517e-134,-0.30466765307147,0.152,0.327,4.82424155971121e-130
"Gadd45b",9.60157723013535e-134,-0.340861148401648,0.064,0.192,1.38819603593297e-129
"Hspe1",1.47571079670278e-133,-0.410953864455508,0.324,0.518,2.13358266987288e-129
"Etfb",4.61209072631517e-133,-0.307141028379066,0.176,0.358,6.66816077210647e-129
"Uqcrc1",6.85164587498526e-133,-0.338432277708097,0.313,0.519,9.90610960605368e-129
"Atic",1.20954211293466e-132,-0.341783849797364,0.212,0.397,1.74875598688093e-128
"Tacc1",6.20443580400424e-132,-0.364638837373321,0.237,0.426,8.97037328542934e-128
"Hbs1l",6.43660700444033e-132,-0.30075437776889,0.078,0.215,9.30604640701983e-128
"Ghitm",9.16880922971513e-132,-0.314135640911543,0.304,0.516,1.32562643843221e-127
"Abcf1",9.50283994261372e-132,-0.308701815508581,0.27,0.475,1.37392059890309e-127
"Fam120a",1.85838589734955e-131,-0.310004433337769,0.302,0.511,2.68685433038798e-127
"Smc3",2.49832396108702e-131,-0.299326518753855,0.228,0.426,3.61207678293961e-127
"Mlec",3.2101966050782e-131,-0.33218088513598,0.346,0.551,4.64130225162206e-127
"Zfp207",4.50378126979255e-131,-0.317733712873688,0.24,0.435,6.51156695986607e-127
"Atp5c1",5.61485965785548e-131,-0.332826423330694,0.386,0.587,8.11796409332746e-127
"Psmb6",1.29603132277616e-130,-0.316275811505108,0.234,0.427,1.87380208646977e-126
"Glipr1",1.96770765786466e-130,-0.304343423522165,0.085,0.225,2.84491173174072e-126
"Uba1",2.67489353978158e-130,-0.312774152724275,0.573,0.749,3.86736107981621e-126
"Ndufv2",2.95744536665242e-130,-0.29646479375864,0.217,0.41,4.27587451110606e-126
"Nab1",1.42714079309312e-129,-0.341090899202445,0.158,0.329,2.06336015865403e-125
"Bub3",1.03114857927387e-128,-0.301021627789076,0.143,0.308,1.49083461591416e-124
"Psmc2",1.12451944719344e-128,-0.284356845832946,0.185,0.369,1.62583021675228e-124
"Ahnak",3.0503852843935e-128,-0.512596904676494,0.433,0.618,4.41024704417612e-124
"Ncapd3",3.15234604309804e-128,-0.266630700855306,0.098,0.246,4.55766190911115e-124
"Prelid1",3.62348088714566e-128,-0.315442703862601,0.244,0.437,5.2388286666352e-124
"Tnfrsf4",4.78991772489556e-128,-0.539356966310676,0.343,0.531,6.925263046654e-124
"Far1",5.17244422346398e-128,-0.27216259007125,0.152,0.326,7.47831985828422e-124
"Fkbp1a",7.15389449033087e-128,-0.288312820157051,0.178,0.357,1.03431006541204e-123
"Prpf40a",1.12831086538366e-127,-0.289535524295948,0.227,0.423,1.6313118491717e-123
"Mat2a",1.74357424190827e-127,-0.347607558197715,0.231,0.424,2.52085963895098e-123
"Ap2s1",5.13226323478256e-127,-0.303146358451941,0.245,0.442,7.42022618484863e-123
"Hnrnpa0",6.65621064126464e-127,-0.324582604210646,0.454,0.645,9.62354934514042e-123
"Hnrnpc",1.25661613096612e-126,-0.321184679984612,0.388,0.588,1.81681560215081e-122
"Ssb",1.59987447893554e-126,-0.312683750914617,0.254,0.447,2.313098521645e-122
"Psmd12",2.59350477853566e-126,-0.274987692066887,0.151,0.321,3.74968920880686e-122
"Atp5o",6.14412262574938e-126,-0.302024805317535,0.266,0.464,8.88317249230845e-122
"Rfk",1.22261854287135e-125,-0.268851584967546,0.091,0.232,1.7676618892834e-121
"Pgd",1.43098305496931e-125,-0.285424846169268,0.144,0.31,2.06891530087463e-121
"Hnrnpl",1.59971163403709e-125,-0.328352585321091,0.516,0.691,2.31286308049083e-121
"Rsl1d1",2.18470702865265e-125,-0.326863107761684,0.185,0.361,3.158649422026e-121
"Ms4a4b",6.77175720754158e-125,0.375451058123743,0.666,0.514,9.79060657066361e-121
"Ftsj3",9.56965872472225e-125,-0.290101600426634,0.141,0.306,1.38358125842034e-120
"Apex1",1.20695055932509e-124,-0.25141751696702,0.072,0.201,1.74500911867221e-120
"Atp13a3",1.29579988218874e-124,-0.287288084893185,0.201,0.387,1.87346746966848e-120
"Abcf2",1.58213631103369e-124,-0.263271890084438,0.116,0.269,2.28745267849251e-120
"Cluh",2.89384183480336e-124,-0.34200562485873,0.125,0.279,4.1839165247587e-120
"St13",3.87806197920281e-124,-0.31551803300842,0.312,0.511,5.60690200953143e-120
"Chd3",1.86427651618209e-123,0.326632994199464,0.849,0.795,2.69537098709607e-119
"Tceb3",5.5377597133397e-123,-0.26757323693316,0.136,0.299,8.00649299354654e-119
"Ywhab",1.19480245656348e-122,-0.303593137392515,0.463,0.654,1.72744539169948e-118
"Msh6",2.82591542000181e-122,-0.263175173351461,0.122,0.278,4.08570851423861e-118
"Hnrnph1",3.96987558338987e-122,-0.311610451482643,0.282,0.477,5.73964611846507e-118
"Nup210",4.97508410871415e-122,-0.335693475554603,0.38,0.574,7.19297660437891e-118
"Sec13",1.42197130738512e-121,-0.255072704118359,0.143,0.309,2.05588611621741e-117
"Ndufs8",1.60113935716376e-121,-0.254607967085859,0.145,0.312,2.31492728258736e-117
"Pds5a",2.92406406169936e-121,-0.317358867970803,0.298,0.497,4.22761182040493e-117
"Gdi2",7.85780471383215e-121,-0.324449608252257,0.468,0.652,1.13608140552585e-116
"Nars",1.59730595437593e-120,-0.306278473965037,0.242,0.432,2.30938494883673e-116
"Hnrnpm",2.11652978346352e-120,-0.333216634479079,0.447,0.629,3.06007876093156e-116
"Mta2",2.26641189187343e-120,-0.306112254194899,0.359,0.561,3.2767783132706e-116
"Hnrnpul1",9.07535886222329e-120,-0.323121415342291,0.457,0.641,1.31211538430024e-115
"Il18r1",4.72045269845799e-119,-0.34591981644078,0.061,0.177,6.82483051143056e-115
"Sept7",5.1832751053954e-119,-0.320422270364166,0.413,0.602,7.49397914738067e-115
"Neb",9.33459868593044e-119,-0.45242145294136,0.067,0.187,1.34959627801182e-114
"Eif5b",2.72823101745807e-118,-0.273309104805474,0.194,0.376,3.94447640504087e-114
"Cox7a2",3.07827795610831e-118,-0.253692264130867,0.154,0.32,4.45057426894139e-114
"Lsm4",1.91863419286768e-117,-0.291657496447118,0.255,0.446,2.7739613160481e-113
"Hnrnpk",2.853046169098e-117,-0.301662276090015,0.569,0.724,4.12493415128189e-113
"Cops6",3.85954704403187e-117,-0.269805513403565,0.207,0.39,5.58013311626128e-113
"N4bp1",5.0553530375694e-117,-0.28094102844862,0.108,0.252,7.30902942171784e-113
"Khsrp",5.28344916686598e-117,-0.285133831302856,0.255,0.445,7.63881080545483e-113
"Heg1",5.71341023701136e-117,-0.267969142410465,0.115,0.264,8.26044852067103e-113
"Dynll2",3.59147572894771e-116,-0.293657679519305,0.188,0.362,5.19255560891259e-112
"Dhx15",5.2258132040592e-116,-0.318213318450787,0.399,0.586,7.55548073042879e-112
"Hcfc1",9.16810410197469e-116,-0.285909149899004,0.255,0.446,1.3255244910635e-111
"Tnfaip8",1.25164917729654e-115,-0.254923692866118,0.151,0.316,1.80963438053534e-111
"Cs",2.5842694998579e-115,-0.275239274202984,0.215,0.398,3.73633684289455e-111
"Srm",3.28154869988394e-115,-0.268922356890176,0.066,0.184,4.74446311029219e-111
"Adsl",6.42003675419962e-115,-0.25903588613827,0.13,0.282,9.28208913922181e-111
"Dynll1",1.10265126042543e-114,-0.300360742793117,0.222,0.4,1.59421319232309e-110
"Ppp2ca",2.20880743587214e-114,-0.305739963474215,0.399,0.591,3.19349379078395e-110
"Tomm70a",1.10967367566838e-113,-0.292396940322421,0.224,0.405,1.60436620028134e-109
"Larp4b",1.31477940672077e-113,-0.254011573612037,0.162,0.329,1.90090806623689e-109
"Stt3a",1.38804277538427e-113,-0.257086291641486,0.166,0.333,2.00683224465058e-109
"Psmc4",1.40770409102574e-113,-0.265515465814237,0.19,0.365,2.03525857480502e-109
"Psmb8",2.16515037925655e-113,-0.2638542236915,0.742,0.853,3.13037441832912e-109
"Btg1",3.89482101261637e-113,0.372446799652876,0.488,0.318,5.63113222004075e-109
"Cap1",1.66061815661232e-112,-0.286024113614411,0.744,0.856,2.40092173083009e-108
"Cbfb",1.85213936074367e-112,-0.261052539129432,0.185,0.356,2.67782308776319e-108
"Uqcrfs1",1.98671489580753e-112,-0.261251032914586,0.169,0.334,2.87239239635852e-108
"Ppp1cc",2.98216298442511e-112,-0.264523218781784,0.178,0.348,4.31161124288182e-108
"Fubp1",1.13000525041265e-111,-0.307922304242033,0.289,0.481,1.6337615910466e-107
"Wdr1",1.14059785722565e-111,-0.290668071327326,0.427,0.624,1.64907638197684e-107
"Samhd1",1.9192755978717e-111,0.306974069023077,0.833,0.746,2.77488865940291e-107
"Api5",3.97996579894289e-111,-0.261322506679657,0.223,0.405,5.75423455211164e-107
"Dgka",6.11819498004255e-111,0.344169043773351,0.728,0.634,8.84568630214551e-107
"Ctsz",7.2978759929579e-111,-0.25995991646463,0.138,0.292,1.05512691106185e-106
"Slfn5",1.18531787860328e-110,0.455698607501965,0.266,0.114,1.71373258888462e-106
"Mdh1",4.16011329654521e-110,-0.300052931825293,0.302,0.49,6.01469180414507e-106
"Edf1",7.38693404418226e-110,-0.284171371621236,0.337,0.534,1.06800292410787e-105
"Arpc4",1.50260756314694e-109,-0.285873406425461,0.246,0.428,2.17247001479785e-105
"Tmem154",1.53912196598334e-109,-0.28064061550023,0.117,0.259,2.22526253841872e-105
"Top1",1.54313847012793e-109,-0.261394295149024,0.227,0.409,2.23106960011097e-105
"Tm9sf3",3.23605357765559e-109,-0.28265019755046,0.404,0.603,4.67868626257445e-105
"Thy1",3.394636176426e-109,-0.333844174032144,0.557,0.715,4.90796498387671e-105
"Eno1",4.44692213398362e-109,-0.338865229395199,0.379,0.56,6.42936002131352e-105
"Sub1",1.4731920484466e-108,-0.293083181975103,0.239,0.416,2.12994106364409e-104
"Nono",1.54901980367443e-108,-0.306618625212595,0.365,0.55,2.2395728321525e-104
"Abce1",1.85300695235646e-108,-0.283885754980933,0.197,0.365,2.67907745171697e-104
"Kdm2b",5.81638893650251e-107,-0.255454758960061,0.104,0.24,8.40933512439532e-103
"Polr2m",1.04292115611193e-105,-0.255502214086945,0.226,0.407,1.50785540750663e-101
"Surf4",1.80074276119941e-105,-0.267376458636139,0.227,0.404,2.60351388414211e-101
"Noc2l",1.80527213505448e-105,-0.321059568157691,0.211,0.377,2.61006245286176e-101
"Ass1",2.56079480893747e-105,-0.357210577053597,0.316,0.487,3.7023971347618e-101
"Slc38a10",1.00162195853956e-104,-0.263935983393464,0.217,0.393,1.4481450276565e-100
"Nfkb2",2.19818696897346e-104,-0.291637163970717,0.16,0.315,3.17813871974183e-100
"Ctsb",2.96207242975018e-104,-0.348627352709964,0.425,0.606,4.28256431893281e-100
"Ahsa1",3.45119758567294e-104,-0.257279898927785,0.175,0.337,4.98974146936593e-100
"Prdx2",4.25807449992249e-104,-0.260780144143601,0.252,0.433,6.15632411198794e-100
"Ewsr1",5.39060311130093e-104,-0.279851202805039,0.302,0.486,7.79373397831888e-100
"Snrnp70",2.26766371522365e-103,-0.281443203525525,0.327,0.514,3.27858819947035e-99
"G3bp2",2.68667167568832e-103,-0.270527296771051,0.297,0.484,3.88438990871018e-99
"Nsg2",1.13302482785591e-102,0.381256904447906,0.427,0.268,1.63812729611407e-98
"Ddx3x",1.35946136589256e-102,-0.297847290326339,0.452,0.63,1.96550924280746e-98
"Nop56",1.80019512308485e-102,-0.3247717556176,0.209,0.37,2.60272210895608e-98
"Sf3b3",2.44141463577507e-102,-0.262039345026205,0.261,0.444,3.52979728040359e-98
"Tuba1a",2.74110566361603e-102,-0.276118263067422,0.158,0.31,3.96309056845606e-98
"Calm2",4.76451299983723e-102,-0.278508070014045,0.242,0.414,6.88853289516467e-98
"Lman2",1.20971514717184e-101,-0.251260973710965,0.22,0.393,1.74900615978105e-97
"Psmd8",1.48843930868651e-101,-0.252057926671006,0.196,0.362,2.15198555249896e-97
"Tecpr1",1.9528651648659e-101,0.441565870422364,0.432,0.29,2.82345245536311e-97
"Cox4i1",2.0309612811059e-101,-0.252114491535062,0.678,0.805,2.93636382022291e-97
"Npm3",2.90199681237784e-101,-0.251256204503182,0.127,0.268,4.19570699133589e-97
"Reep5",4.17469626519357e-100,-0.25382320848789,0.245,0.422,6.03577586021687e-96
"Arf1",1.21769984870922e-99,-0.264107016270969,0.282,0.463,1.76055044126379e-95
"Oxsr1",2.40810958446857e-99,-0.285972982872116,0.129,0.27,3.48164483722465e-95
"Pitpna",3.83835008256048e-99,-0.275807046158473,0.421,0.603,5.54948654936594e-95
"Hist1h1c",9.55308848005489e-99,-0.312894830798441,0.111,0.237,1.38118553244634e-94
"Cd96",1.07303203490728e-98,0.396164140648912,0.415,0.268,1.55138971606894e-94
"Arl6ip1",1.28467272214034e-98,-0.453459815991858,0.513,0.656,1.85737982167051e-94
"Chchd2",1.28572254994977e-98,-0.273232270072656,0.312,0.492,1.85889766271738e-94
"Itgae",1.0090044041627e-97,-0.502606912284007,0.115,0.24,1.45881856753843e-93
"Gpr83",1.3547540210865e-97,0.456312787555949,0.339,0.188,1.95870336368686e-93
"Cyba",1.89351853963691e-97,-0.280146966505162,0.496,0.673,2.73764910460704e-93
"Sell",2.21199048293467e-96,0.306478690585283,0.745,0.613,3.19809584022694e-92
"Hn1",2.23499248851398e-96,-0.286323431304657,0.307,0.485,3.23135213989352e-92
"Snx2",2.56628105300785e-96,-0.256243615245657,0.157,0.305,3.71032914643875e-92
"Map4",3.964141835346e-96,-0.259032251307409,0.247,0.421,5.73135626554325e-92
"Cnot6",9.79788270121733e-96,-0.273041608517889,0.308,0.488,1.416577880942e-91
"Arpc3",1.23147688997268e-95,-0.274731546457052,0.34,0.519,1.7804692875225e-91
"Nr4a1",1.91565261656597e-95,-0.466022795507462,0.04,0.127,2.76965055303107e-91
"Capza2",2.49387097530436e-95,-0.26604471521055,0.277,0.449,3.60563865609504e-91
"Heatr1",2.54126137483424e-95,-0.303003869905745,0.172,0.321,3.67415569573534e-91
"Cox7b",2.22427016639326e-94,-0.254124603942728,0.284,0.461,3.21584980657138e-90
"Eif3d",2.5556268077006e-94,-0.286587659014702,0.367,0.542,3.69492523857353e-90
"Xrn2",4.63232426576857e-94,-0.25507971158754,0.331,0.514,6.6974144234482e-90
"Zap70",2.25685273833881e-93,-0.287119779869798,0.385,0.567,3.26295768909025e-89
"Rcc2",2.87647380441023e-93,-0.26209537521055,0.233,0.398,4.15880582641631e-89
"Esyt1",2.00476614303621e-92,-0.27163747083821,0.314,0.491,2.89849088960175e-88
"Spn",3.76821511628414e-92,-0.332520587034029,0.651,0.771,5.44808541512361e-88
"Cab39",3.91564560149548e-92,-0.276856812450648,0.354,0.535,5.66124041064216e-88
"Mtdh",5.47724531591444e-92,-0.255124000824087,0.266,0.439,7.9190012777491e-88
"Cd28",7.2461489005256e-92,-0.260407347984249,0.305,0.482,1.04764820803799e-87
"Ranbp2",3.57813653344844e-91,-0.258530083353163,0.385,0.566,5.17326980005976e-87
"Gm26917",5.92957997404508e-91,0.378947872214798,0.705,0.641,8.57298672647437e-87
"Mapk1",8.77308066954736e-91,-0.253419710474532,0.322,0.502,1.26841200320316e-86
"Btf3",3.1400351693538e-90,-0.263797282738143,0.325,0.499,4.53986284785172e-86
"Timp2",3.17584151814303e-89,-0.273636024459406,0.12,0.246,4.59163166693119e-85
"Gnas",4.61667421428768e-89,-0.257568724048589,0.699,0.808,6.67478757901713e-85
"Picalm",1.13029039425307e-88,-0.32169755652843,0.296,0.458,1.63417385201109e-84
"U2af2",1.49891921029202e-87,-0.250689613447539,0.264,0.428,2.1671373942402e-83
"Smarca4",2.84667034159013e-87,-0.259854237687346,0.309,0.484,4.11571597987101e-83
"Hcls1",4.39658643742379e-87,-0.257409517496571,0.45,0.624,6.35658467122731e-83
"Cct4",9.44573053300589e-87,-0.288952082948346,0.432,0.59,1.36566372046199e-82
"Adam19",1.46192021801929e-86,-0.272528418001223,0.193,0.343,2.1136442512123e-82
"Nfatc1",1.95967052459124e-86,-0.255324774347116,0.188,0.338,2.83329164445401e-82
"Cdc37",5.58186288248332e-85,-0.255998384998482,0.433,0.603,8.07025735549439e-81
"Cnbp",5.65837758034398e-85,-0.292190606538375,0.562,0.702,8.18088230566132e-81
"Atp5j2",7.36516713889764e-85,-0.253952927622243,0.388,0.557,1.06485586494182e-80
"Arf6",2.29990382843508e-84,-0.254529899918726,0.465,0.634,3.32520095515144e-80
"Ubb",2.42908100161074e-84,-0.275754745389712,0.449,0.617,3.51196531212881e-80
"Gm15564",1.42224461759455e-83,0.266848498935648,0.88,0.868,2.05628126811821e-79
"Igf2r",1.02078487122131e-82,0.342913344299245,0.597,0.484,1.47585076681178e-78
"Mybbp1a",2.95631067407657e-81,-0.390706120671578,0.332,0.474,4.2742339725799e-77
"Gm14446",7.42437488746571e-81,0.378589996402205,0.168,0.06,1.07341612122979e-76
"Psmb1",1.61151938229092e-79,-0.257930364891287,0.442,0.602,2.32993472291622e-75
"Satb1",5.41872757031661e-79,0.363574577569414,0.421,0.284,7.83439632116376e-75
"Ms4a6b",2.84775212291458e-78,0.276105758931291,0.708,0.622,4.1172800193099e-74
"Gnai2",6.20773929181646e-78,-0.255147376795354,0.816,0.867,8.97514946810823e-74
"Kcnab2",1.50058348329986e-77,-0.263530108219366,0.333,0.49,2.16954360015493e-73
"Utrn",3.77071551235528e-77,0.369599410517345,0.549,0.439,5.45170048776326e-73
"Igfbp4",4.6426691075954e-77,0.490818455757959,0.235,0.117,6.71237099576142e-73
"Scd2",6.82437150324371e-77,-0.274687035572187,0.243,0.392,9.86667631938976e-73
"Jun",2.89012361726433e-75,0.394987306819331,0.293,0.167,4.17854072584077e-71
"Ikzf3",3.18672113555933e-75,-0.311930926114027,0.305,0.453,4.60736141779168e-71
"Ubash3b",3.02109241135593e-74,-0.252149395465274,0.16,0.289,4.3678954083384e-70
"Rap1b",1.47895080471915e-73,-0.278570223538518,0.522,0.664,2.13826707346295e-69
"Myo1g",3.19099511208637e-73,-0.27919562710158,0.333,0.482,4.61354073305448e-69
"Rapgef6",4.11006639447268e-72,0.304627542456756,0.649,0.577,5.9423339931286e-68
"Card6",5.94667717048349e-72,0.323854946779605,0.244,0.126,8.59770585308503e-68
"Tcf7",1.18915717916492e-71,0.268239927619225,0.556,0.414,1.71928344963664e-67
"Nfkb1",9.0194928115323e-71,-0.268083175901729,0.466,0.626,1.30403827069134e-66
"Rgs1",5.29722757165216e-69,0.410155622567074,0.356,0.24,7.65873162309469e-65
"Capn2",1.12056848149374e-67,-0.26051612291374,0.29,0.435,1.62011791054365e-63
"St8sia6",2.36017461020584e-67,0.376731574928627,0.234,0.125,3.41234045143561e-63
"Mxd4",2.47414080234146e-67,0.371748627647827,0.414,0.291,3.57711277202528e-63
"Pik3ip1",4.86964878650264e-66,0.283765756360114,0.178,0.078,7.04053821552551e-62
"Arhgef1",7.16694774103131e-66,0.261588297944879,0.724,0.679,1.03619730439831e-61
"Kmt2a",4.63503749825764e-65,0.327002471319507,0.593,0.514,6.7013372149809e-61
"S1pr1",9.07183342897392e-64,0.327910162232111,0.486,0.373,1.31160567716105e-59
"Ecm1",4.15247864043136e-63,0.310933950253946,0.313,0.194,6.00365361833566e-59
"Bcl11b",4.75895907955782e-63,0.307781692216266,0.607,0.531,6.8805030372247e-59
"Mcl1",1.08398885129834e-62,0.257485622951951,0.728,0.688,1.56723108120714e-58
"Slc44a2",4.71938574718277e-60,0.313488137777786,0.467,0.372,6.82328791327685e-56
"Inpp4b",3.78532651419497e-59,0.280871682750313,0.647,0.577,5.47282507422308e-55
"Rnf213",4.12059444075144e-59,0.451808828011918,0.514,0.426,5.95755544243844e-55
"Lrrc32",2.0903795528756e-57,0.320262854037859,0.344,0.23,3.02227075754754e-53
"Mycbp2",5.19217557490826e-55,0.301431415010102,0.645,0.589,7.50684744620236e-51
"Tmem64",9.58707086637124e-55,0.342480579849467,0.338,0.236,1.38609870585995e-50
"Ly6c1",1.62716271471021e-54,0.342025492918931,0.131,0.052,2.35255185292801e-50
"Lad1",1.53547080483967e-52,-0.381685531895673,0.075,0.15,2.2199836896372e-48
"Tsc22d3",3.99107741502652e-51,0.282466464080376,0.206,0.115,5.77029972664534e-47
"Cox7a2l",1.03934803663106e-50,0.291747101121454,0.478,0.403,1.50268939136119e-46
"Kmt2c",2.38579263393569e-50,0.329588043627861,0.418,0.325,3.44937899014422e-46
"Sp100",4.31001838959308e-50,0.260502295020008,0.626,0.568,6.23142458767368e-46
"Smg1",3.57957372297547e-49,0.282100620155336,0.623,0.584,5.17534768867793e-45
"Pnrc1",5.21469705275558e-49,0.289807381435467,0.394,0.303,7.53940899887402e-45
"Rn7sk",2.64445799966015e-47,0.302939767768061,0.364,0.272,3.82335737590864e-43
"Ikbke",2.70209908325944e-47,0.298535475614236,0.345,0.252,3.9066948545765e-43
"Slfn1",1.11935240306928e-46,0.311065230259263,0.333,0.238,1.61835970435756e-42
"Il6ra",1.50419325445035e-46,0.301745531582471,0.357,0.266,2.17476260728432e-42
"Ctsw",3.1532801793021e-46,0.292761163195551,0.27,0.176,4.55901248323498e-42
"Prkcq",1.62311252676955e-44,0.284137579721676,0.545,0.483,2.34669609120342e-40
"Itih5",8.14153555937721e-44,0.355126364950128,0.201,0.119,1.17710321117476e-39
"Kif21b",9.49082508857088e-44,0.288609577779832,0.45,0.376,1.37218349130558e-39
"Ski",1.10868235468353e-43,0.273463720351174,0.472,0.399,1.60293294840144e-39
"Ssh2",5.09032851879979e-42,0.296027114160847,0.442,0.366,7.35959697248073e-38
"Rere",2.23544242378989e-41,0.265012558803482,0.221,0.139,3.23200265631542e-37
"Fam65b",4.110053853659e-41,0.29262063387867,0.434,0.361,5.94231586162018e-37
"Egr1",6.69757134408129e-41,-0.37342414430991,0.076,0.141,9.68334864927274e-37
"Gm4955",9.2028424303168e-41,0.291860255590398,0.216,0.134,1.3305469585752e-36
"Klf2",1.03894333400841e-40,0.286177828216188,0.331,0.246,1.50210427230936e-36
"Kdm5b",1.39986197431781e-40,0.259718610238781,0.248,0.161,2.0239204424687e-36
"Pik3r1",1.88094855893082e-40,0.278162719999808,0.443,0.368,2.71947542650218e-36
"Lef1",8.41439533230646e-40,0.28959132291812,0.407,0.331,1.21655327714487e-35
"Ube2h",3.18479534855413e-39,0.277134274575902,0.325,0.242,4.60457711493956e-35
"2810474O19Rik",3.69522491928887e-39,0.270422937912248,0.396,0.313,5.34255618830785e-35
"Foxp1",3.09620309647338e-38,0.270604481455139,0.418,0.34,4.47649043688122e-34
"Ahcyl2",4.69927755843743e-34,0.298472242689884,0.366,0.297,6.79421549398884e-30
"Traf3ip3",5.03778973497174e-34,0.262094297993026,0.449,0.392,7.28363639882215e-30
"Usp3",1.12808908862054e-33,0.26851663723837,0.334,0.263,1.63099120432757e-29
"Galnt10",1.57003008558473e-31,0.294271789599178,0.293,0.225,2.26994949773841e-27
"Pecam1",3.73110410718645e-31,0.261202870510165,0.299,0.228,5.39443031817018e-27
"Zscan29",4.89478668534442e-28,0.285773278515316,0.236,0.171,7.07688258967096e-24
"4932438A13Rik",3.23871143613566e-27,0.268433255021938,0.463,0.419,4.68252899436494e-23
"Samd9l",7.31298831714962e-22,0.256997120055347,0.355,0.304,1.05731185089349e-17
"Nrp1",1.62962006625798e-13,0.289410537845471,0.428,0.406,2.35610469179579e-09
